{"stats":{"minecraft:picked_up":{"minecraft:torch":2,"minecraft:mutton":2,"minecraft:white_wool":1,"minecraft:egg":3},"minecraft:used":{"minecraft:dirt":2,"minecraft:grass_block":96,"minecraft:birch_log":1,"minecraft:egg":79},"minecraft:custom":{"minecraft:time_since_rest":17087,"minecraft:crouch_one_cm":8941,"minecraft:play_time":17087,"minecraft:sprint_one_cm":34252,"minecraft:walk_one_cm":13717,"minecraft:sneak_time":1765,"minecraft:walk_under_water_one_cm":561,"minecraft:mob_kills":1,"minecraft:jump":209,"minecraft:damage_dealt":80,"minecraft:leave_game":1,"minecraft:time_since_death":17087,"minecraft:walk_on_water_one_cm":3416,"minecraft:total_world_time":17087,"minecraft:swim_one_cm":1292,"minecraft:fly_one_cm":78798},"minecraft:killed":{"minecraft:sheep":1}},"DataVersion":3465}