{"stats":{"minecraft:killed":{"minecraft:sheep":1},"minecraft:picked_up":{"minecraft:torch":2,"minecraft:mutton":2,"minecraft:white_wool":1,"minecraft:egg":3},"minecraft:custom":{"minecraft:time_since_rest":19818,"minecraft:crouch_one_cm":9845,"minecraft:sprint_one_cm":35004,"minecraft:play_time":19818,"minecraft:walk_one_cm":15880,"minecraft:sneak_time":2006,"minecraft:walk_under_water_one_cm":561,"minecraft:mob_kills":1,"minecraft:jump":229,"minecraft:damage_dealt":80,"minecraft:leave_game":2,"minecraft:walk_on_water_one_cm":3416,"minecraft:time_since_death":19818,"minecraft:total_world_time":19818,"minecraft:swim_one_cm":1292,"minecraft:fly_one_cm":83096},"minecraft:used":{"minecraft:oak_log":29,"minecraft:dirt":2,"minecraft:grass_block":96,"minecraft:birch_log":1,"minecraft:egg":79}},"DataVersion":3465}