{"stats":{"minecraft:dropped":{"minecraft:iron_sword":1,"minecraft:soul_sand":10,"minecraft:moss_block":14,"minecraft:wheat_seeds":2,"minecraft:glow_berries":2,"minecraft:coal":1,"minecraft:flint":2,"minecraft:gold_nugget":65,"minecraft:iron_axe":1,"minecraft:string":5,"minecraft:gold_ingot":6,"minecraft:redstone":157,"minecraft:oak_door":4,"minecraft:gravel":1,"minecraft:stone_axe":2,"minecraft:moss_carpet":3,"minecraft:kelp":1,"minecraft:oak_trapdoor":3,"minecraft:cobbled_deepslate":368,"minecraft:tuff":54,"minecraft:wheat":6,"minecraft:rotten_flesh":28,"minecraft:clay_ball":8,"minecraft:oak_planks":7,"minecraft:suspicious_stew":1,"minecraft:shield":2,"minecraft:gunpowder":16,"minecraft:azalea":5,"minecraft:wooden_pickaxe":2,"minecraft:quartz":28,"minecraft:netherrack":4},"minecraft:killed_by":{"minecraft:creeper":1},"minecraft:picked_up":{"minecraft:crafting_table":20,"minecraft:wheat":6,"minecraft:clay_ball":8,"minecraft:wooden_pickaxe":1,"minecraft:shield":1,"minecraft:string":5,"minecraft:moss_carpet":3,"minecraft:iron_axe":1,"minecraft:blackstone":13,"minecraft:gold_nugget":329,"minecraft:cobbled_deepslate":630,"minecraft:beef":9,"minecraft:oak_boat":2,"minecraft:azalea":5,"minecraft:sugar_cane":2,"minecraft:furnace":2,"minecraft:egg":4,"minecraft:raw_iron":89,"minecraft:oak_door":2,"minecraft:torch":19,"minecraft:redstone":157,"minecraft:arrow":20,"minecraft:rotten_flesh":28,"minecraft:gold_ingot":2,"minecraft:mutton":28,"minecraft:glow_berries":3,"minecraft:obsidian":16,"minecraft:bone_block":19,"minecraft:white_wool":15,"minecraft:cobblestone":68,"minecraft:enchanting_table":2,"minecraft:glow_ink_sac":5,"minecraft:andesite":1,"minecraft:brown_wool":1,"minecraft:leather":8,"minecraft:smoker":1,"minecraft:flint":3,"minecraft:tuff":54,"minecraft:oak_log":61,"minecraft:gunpowder":16,"minecraft:lapis_lazuli":49,"minecraft:dirt":10,"minecraft:bone":15,"minecraft:kelp":1,"minecraft:wheat_seeds":2,"minecraft:raw_gold":29,"minecraft:iron_ingot":5,"minecraft:glowstone_dust":42,"minecraft:moss_block":14,"minecraft:iron_sword":1,"minecraft:soul_sand":10,"minecraft:quartz":71,"minecraft:gravel":1,"minecraft:amethyst_shard":8,"minecraft:blast_furnace":2,"minecraft:white_bed":5,"minecraft:spider_eye":1,"minecraft:diamond":22,"minecraft:stone_axe":1,"minecraft:granite":13,"minecraft:gray_wool":2,"minecraft:netherrack":198,"minecraft:black_wool":2,"minecraft:coal":199},"minecraft:used":{"minecraft:oak_trapdoor":1,"minecraft:enchanting_table":3,"minecraft:flint_and_steel":1,"minecraft:shield":94,"minecraft:iron_sword":243,"minecraft:netherrack":157,"minecraft:oak_door":1,"minecraft:torch":164,"minecraft:dirt":9,"minecraft:obsidian":11,"minecraft:grass_block":97,"minecraft:iron_axe":11,"minecraft:furnace":2,"minecraft:egg":82,"minecraft:cooked_beef":7,"minecraft:cobbled_deepslate":272,"minecraft:cooked_mutton":38,"minecraft:water_bucket":15,"minecraft:oak_planks":3,"minecraft:stone_pickaxe":206,"minecraft:wooden_pickaxe":31,"minecraft:glow_berries":1,"minecraft:crafting_table":21,"minecraft:blast_furnace":3,"minecraft:white_bed":7,"minecraft:smoker":1,"minecraft:oak_log":29,"minecraft:diamond_pickaxe":455,"minecraft:iron_pickaxe":1263,"minecraft:golden_helmet":1,"minecraft:stone_axe":110,"minecraft:cobblestone":60,"minecraft:andesite":1,"minecraft:birch_log":1,"minecraft:bucket":17,"minecraft:oak_boat":2,"minecraft:gray_wool":1},"minecraft:custom":{"minecraft:mob_kills":81,"minecraft:interact_with_crafting_table":43,"minecraft:leave_game":4,"minecraft:time_since_death":1474,"minecraft:climb_one_cm":119,"minecraft:sprint_one_cm":477099,"minecraft:walk_one_cm":280984,"minecraft:damage_blocked_by_shield":5820,"minecraft:drop":86,"minecraft:play_time":202419,"minecraft:deaths":2,"minecraft:sneak_time":40873,"minecraft:walk_under_water_one_cm":16168,"minecraft:boat_one_cm":120915,"minecraft:jump":2738,"minecraft:interact_with_blast_furnace":19,"minecraft:walk_on_water_one_cm":43941,"minecraft:enchant_item":3,"minecraft:total_world_time":202419,"minecraft:interact_with_furnace":18,"minecraft:sleep_in_bed":2,"minecraft:time_since_rest":1603,"minecraft:damage_taken":3654,"minecraft:damage_dealt":13659,"minecraft:swim_one_cm":25920,"minecraft:fly_one_cm":628686,"minecraft:open_chest":62,"minecraft:crouch_one_cm":120525,"minecraft:interact_with_smoker":5,"minecraft:fall_one_cm":60686},"minecraft:broken":{"minecraft:stone_pickaxe":1,"minecraft:shield":1,"minecraft:iron_pickaxe":5},"minecraft:mined":{"minecraft:nether_gold_ore":65,"minecraft:tuff":99,"minecraft:white_bed":6,"minecraft:deepslate_diamond_ore":22,"minecraft:obsidian":15,"minecraft:cave_vines_plant":1,"minecraft:granite":16,"minecraft:budding_amethyst":5,"minecraft:grass_block":3,"minecraft:moss_block":17,"minecraft:kelp":2,"minecraft:raw_iron_block":1,"minecraft:glowstone":18,"minecraft:furnace":2,"minecraft:iron_ore":13,"minecraft:fire":9,"minecraft:cobbled_deepslate":12,"minecraft:andesite":1,"minecraft:moss_carpet":2,"minecraft:deepslate_lapis_ore":9,"minecraft:enchanting_table":2,"minecraft:deepslate_iron_ore":76,"minecraft:azalea":4,"minecraft:bone_block":21,"minecraft:stone":65,"minecraft:deepslate_redstone_ore":62,"minecraft:soul_sand":5,"minecraft:medium_amethyst_bud":2,"minecraft:smoker":1,"minecraft:soul_fire":4,"minecraft:amethyst_cluster":1,"minecraft:crafting_table":20,"minecraft:clay":1,"minecraft:torch":7,"minecraft:blast_furnace":2,"minecraft:calcite":3,"minecraft:nether_quartz_ore":61,"minecraft:cobblestone":6,"minecraft:deepslate_gold_ore":30,"minecraft:lapis_ore":1,"minecraft:sugar_cane":1,"minecraft:wall_torch":8,"minecraft:amethyst_block":4,"minecraft:gray_wool":1,"minecraft:grass":6,"minecraft:coal_ore":50,"minecraft:oak_log":62,"minecraft:gravel":5,"minecraft:dirt":7,"minecraft:smooth_basalt":8,"minecraft:netherrack":205,"minecraft:oak_leaves":3,"minecraft:deepslate":1042},"minecraft:killed":{"minecraft:spider":5,"minecraft:slime":1,"minecraft:skeleton":21,"minecraft:magma_cube":1,"minecraft:creeper":4,"minecraft:sheep":19,"minecraft:zombie":24,"minecraft:cow":4},"minecraft:crafted":{"minecraft:oak_door":3,"minecraft:smooth_stone":4,"minecraft:oak_planks":204,"minecraft:furnace":3,"minecraft:blast_furnace":1,"minecraft:stone":4,"minecraft:cooked_mutton":26,"minecraft:flint_and_steel":1,"minecraft:oak_trapdoor":4,"minecraft:iron_boots":1,"minecraft:iron_axe":1,"minecraft:stone_pickaxe":2,"minecraft:golden_helmet":1,"minecraft:smoker":1,"minecraft:cooked_beef":9,"minecraft:crafting_table":3,"minecraft:enchanting_table":1,"minecraft:wooden_pickaxe":1,"minecraft:iron_helmet":1,"minecraft:iron_sword":2,"minecraft:bucket":1,"minecraft:stone_axe":2,"minecraft:air":0,"minecraft:oak_boat":1,"minecraft:iron_chestplate":1,"minecraft:book":5,"minecraft:paper":15,"minecraft:gold_nugget":36,"minecraft:diamond_pickaxe":2,"minecraft:shield":3,"minecraft:stick":136,"minecraft:iron_ingot":84,"minecraft:iron_pickaxe":5,"minecraft:gold_ingot":37,"minecraft:iron_leggings":1,"minecraft:white_bed":1,"minecraft:torch":192}},"DataVersion":3465}