{"stats":{"minecraft:mined":{"minecraft:birch_log":1,"minecraft:grass":1},"minecraft:picked_up":{"minecraft:rotten_flesh":2,"minecraft:birch_log":1},"minecraft:used":{"minecraft:birch_planks":4},"minecraft:custom":{"minecraft:jump":75,"minecraft:time_since_rest":3104,"minecraft:leave_game":1,"minecraft:damage_dealt":196,"minecraft:crouch_one_cm":1945,"minecraft:walk_on_water_one_cm":1706,"minecraft:sprint_one_cm":8119,"minecraft:play_time":3104,"minecraft:damage_taken":175,"minecraft:time_since_death":3104,"minecraft:walk_one_cm":10628,"minecraft:sneak_time":356,"minecraft:total_world_time":3104,"minecraft:walk_under_water_one_cm":1594,"minecraft:mob_kills":1,"minecraft:fall_one_cm":5039,"minecraft:fly_one_cm":10644},"minecraft:killed":{"minecraft:zombie":1},"minecraft:crafted":{"minecraft:birch_planks":4}},"DataVersion":3465}