{"stats":{"minecraft:mined":{"minecraft:birch_planks":1,"minecraft:furnace":2,"minecraft:iron_ore":2,"minecraft:birch_log":11,"minecraft:torch":1,"minecraft:crafting_table":3,"minecraft:grass":3,"minecraft:grass_block":5,"minecraft:coal_ore":90,"minecraft:dirt":9,"minecraft:cobblestone":2,"minecraft:stone":77,"minecraft:wall_torch":2},"minecraft:broken":{"minecraft:stone_pickaxe":1},"minecraft:killed_by":{"minecraft:drowned":1},"minecraft:picked_up":{"minecraft:birch_log":11,"minecraft:raw_iron":2,"minecraft:stick":2,"minecraft:crafting_table":3,"minecraft:feather":4,"minecraft:chicken":3,"minecraft:leather":2,"minecraft:torch":3,"minecraft:wooden_pickaxe":1,"minecraft:birch_planks":1,"minecraft:spider_eye":1,"minecraft:dirt":33,"minecraft:beef":5,"minecraft:birch_sapling":3,"minecraft:coal":90,"minecraft:furnace":2,"minecraft:cobblestone":78,"minecraft:egg":3},"minecraft:used":{"minecraft:birch_planks":32,"minecraft:stone_pickaxe":153,"minecraft:wooden_pickaxe":23,"minecraft:cooked_chicken":1,"minecraft:stone_axe":15,"minecraft:torch":8,"minecraft:dirt":28,"minecraft:cobblestone":58,"minecraft:crafting_table":4,"minecraft:furnace":3,"minecraft:egg":1,"minecraft:cooked_beef":3},"minecraft:custom":{"minecraft:time_since_rest":2630,"minecraft:interact_with_furnace":10,"minecraft:sprint_one_cm":65232,"minecraft:damage_taken":1835,"minecraft:walk_one_cm":69477,"minecraft:mob_kills":7,"minecraft:drop":1,"minecraft:damage_dealt":561,"minecraft:swim_one_cm":5841,"minecraft:interact_with_crafting_table":8,"minecraft:fly_one_cm":65639,"minecraft:crouch_one_cm":5477,"minecraft:play_time":39278,"minecraft:deaths":5,"minecraft:sneak_time":1814,"minecraft:walk_under_water_one_cm":23214,"minecraft:jump":484,"minecraft:leave_game":1,"minecraft:walk_on_water_one_cm":24896,"minecraft:time_since_death":2599,"minecraft:total_world_time":39278,"minecraft:fall_one_cm":26229},"minecraft:killed":{"minecraft:chicken":3,"minecraft:cow":2},"minecraft:crafted":{"minecraft:crafting_table":1,"minecraft:stick":12,"minecraft:cooked_chicken":1,"minecraft:wooden_pickaxe":1,"minecraft:stone_pickaxe":2,"minecraft:furnace":1,"minecraft:torch":16,"minecraft:birch_planks":44,"minecraft:stone_axe":2,"minecraft:air":0,"minecraft:cooked_beef":5},"minecraft:dropped":{"minecraft:wooden_pickaxe":1}},"DataVersion":3465}